epoch,loss,lr,val_loss
0,34.51496124267578,1e-04,35.77151870727539
